0100008|Hauptbahnhof/Münchener Straße, Frankfurt a.M.|29|000000N|000000E|0000000|Hauptbahnhof/Münche|29||FI|1
0100278|Limburg a.d. Lahn Süd (ICE-Bahnhof)|29|000000N|000000E|0000000|Limburg a.d. Lahn S|29||FI|1
0100343|Lindenholzhausen Rübsanger-/Lindenstraße, Limburg|29|000000N|000000E|0000000|Lindenholzhausen Rü|29||FI|1
0100987|Lahnstraße, Bad Camberg|29|000000N|000000E|0000000|Lahnstraße, Bad Cam|29||FI|1
0100993|Erbach Auf der Staffel, Bad Camberg|29|000000N|000000E|0000000|Erbach Auf der Staf|29||FI|1
0102885|Aumenau Ortsmitte, Villmar|29|000000N|000000E|0000000|Aumenau Ortsmitte, |29||FI|1
0102972|Hauptbahnhof/Karlstraße, Frankfurt a.M.|29|000000N|000000E|0000000|Hauptbahnhof/Karlst|29||FI|1
0103023|Burgjoß Am Rathaus, Jossgrund|29|000000N|000000E|0000000|Burgjoß Am Rathaus,|29||FI|1
0103100|Am Orbtal, Bad Orb|29|000000N|000000E|0000000|Am Orbtal, Bad Orb|29||FI|1
0103253|Falkenbach Falkenhof, Villmar|29|000000N|000000E|0000000|Falkenbach Falkenho|29||FI|1
0103267|Aufenau Festplatz, Wächtersbach|29|000000N|000000E|0000000|Aufenau Festplatz, |29||FI|1
0103495|Arfurt Bürgerhaus, Runkel|29|000000N|000000E|0000000|Arfurt Bürgerhaus, |29||FI|1
0103637|Lindenholzhausen Wendeli.-/Kirchstr., Limburg a.d.|29|000000N|000000E|0000000|Lindenholzhausen We|29||FI|1
0103871|Brüsseler-/Kopenhagener Str., Limburg a.d. Lahn|29|000000N|000000E|0000000|Brüsseler-/Kopenhag|29||FI|1
0103874|Oberbrechen Bahnhof/B8, Brechen|29|000000N|000000E|0000000|Oberbrechen Bahnhof|29||FI|1
0103969|Lindenplatz, Wächtersbach|29|000000N|000000E|0000000|Lindenplatz, Wächte|29||FI|1
0104066|Hauptbahnhof Nord, Kassel|29|000000N|000000E|0000000|Hauptbahnhof Nord, |29||FI|1
0104406|Wirbelau Haupt-/Birkenstraße, Runkel|29|000000N|000000E|0000000|Wirbelau Haupt-/Bir|29||FI|1
0111115|Aumenau Bahnhof, Villmar|29|000000N|000000E|0000000|Aumenau Bahnhof, Vi|29||N/A|1
0111126|Niederbrechen Bahnhof, Brechen|29|000000N|000000E|0000000|Niederbrechen Bahnh|29||N/A|1
0116319|ZOB, Weilburg|29|000000N|000000E|0000000|ZOB, Weilburg|29||N/A|1
0116377|Erbach Mauritiusstraße, Bad Camberg|29|000000N|000000E|0000000|Erbach Mauritiusstr|29||N/A|1
0116385|Eschhöfer Weg, Limburg a.d. Lahn|29|000000N|000000E|0000000|Eschhöfer Weg, Limb|29||N/A|1
0116386|Eschhofen Friedhof, Limburg a.d. Lahn|29|000000N|000000E|0000000|Eschhofen Friedhof,|29||N/A|1
0116387|Eschhofen Kirche, Limburg a.d. Lahn|29|000000N|000000E|0000000|Eschhofen Kirche, L|29||N/A|1
0116388|Eschhofen Bahnhofstraße, Limburg a.d. Lahn|29|000000N|000000E|0000000|Eschhofen Bahnhofst|29||N/A|1
0116389|Lindenholzhausen Ortsmitte, Limburg a.d. Lahn|29|000000N|000000E|0000000|Lindenholzhausen Or|29||N/A|1
0116390|Werschau Ortsmitte, Brechen|29|000000N|000000E|0000000|Werschau Ortsmitte,|29||N/A|1
0116392|Niederbrechen Ortsmitte, Brechen|29|000000N|000000E|0000000|Niederbrechen Ortsm|29||N/A|1
0116398|Erbach Limburger Straße, Bad Camberg|29|000000N|000000E|0000000|Erbach Limburger St|29||N/A|1
0116411|Am Meilenstein, Limburg a.d. Lahn|29|000000N|000000E|0000000|Am Meilenstein, Lim|29||N/A|1
0116412|Lindenholzhausen B8, Limburg a.d. Lahn|29|000000N|000000E|0000000|Lindenholzhausen B8|29||N/A|1
0116413|Niederselters B8, Selters (Taunus)|29|000000N|000000E|0000000|Niederselters B8, S|29||N/A|1
0116421|Ärztehaus, Bad Camberg|29|000000N|000000E|0000000|Ärztehaus, Bad Camb|29||N/A|1
0116472|Ennerich Siedlung, Runkel|29|000000N|000000E|0000000|Ennerich Siedlung, |29||N/A|1
0116481|Seelbach Turnhalle, Villmar|29|000000N|000000E|0000000|Seelbach Turnhalle,|29||N/A|1
0116482|Seelbach Kirchgasse, Villmar|29|000000N|000000E|0000000|Seelbach Kirchgasse|29||N/A|1
0116483|Falkenbach Ortsmitte, Villmar|29|000000N|000000E|0000000|Falkenbach Ortsmitt|29||N/A|1
0116484|Gräveneck Brücke, Weinbach|29|000000N|000000E|0000000|Gräveneck Brücke, W|29||N/A|1
0116485|Wirbelau Birkenstraße, Runkel|29|000000N|000000E|0000000|Wirbelau Birkenstra|29||N/A|1
0116486|Wirbelau Ortsmitte, Runkel|29|000000N|000000E|0000000|Wirbelau Ortsmitte,|29||N/A|1
0116487|Wirbelau Ost, Runkel|29|000000N|000000E|0000000|Wirbelau Ost, Runke|29||N/A|1
0116488|Wirbelau Sportplatz, Runkel|29|000000N|000000E|0000000|Wirbelau Sportplatz|29||N/A|1
0116489|Odersbach West, Weilburg|29|000000N|000000E|0000000|Odersbach West, Wei|29||N/A|1
0116491|Odersbach Ost, Weilburg|29|000000N|000000E|0000000|Odersbach Ost, Weil|29||N/A|1
0116492|Krankenhaus, Weilburg|29|000000N|000000E|0000000|Krankenhaus, Weilbu|29||N/A|1
0116493|Spielmannstraße, Weilburg|29|000000N|000000E|0000000|Spielmannstraße, We|29||N/A|1
0116494|Limburger Straße, Weilburg|29|000000N|000000E|0000000|Limburger Straße, W|29||N/A|1
0116501|Niederbrechen Rathaus, Brechen|29|000000N|000000E|0000000|Niederbrechen Ratha|29||N/A|1
0116502|Niederbrechen Schule, Brechen|29|000000N|000000E|0000000|Niederbrechen Schul|29||N/A|1
0116503|Rathaus, Villmar|29|000000N|000000E|0000000|Rathaus, Villmar|29||N/A|1
0116504|Friedhof, Villmar|29|000000N|000000E|0000000|Friedhof, Villmar|29||N/A|1
0116505|Siedlerhöfe, Villmar|29|000000N|000000E|0000000|Siedlerhöfe, Villma|29||N/A|1
0116506|Aumenau Brücke, Villmar|29|000000N|000000E|0000000|Aumenau Brücke, Vil|29||N/A|1
0116519|Odersbach Siedlung, Weilburg|29|000000N|000000E|0000000|Odersbach Siedlung,|29||N/A|1
0119487|Hartmannshain Lauterbacher Straße, Grebenhain|29|000000N|000000E|0000000|Hartmannshain Laute|29||N/A|1
0119507|Ilbeshausen Hochwaldhausen, Grebenhain|29|000000N|000000E|0000000|Ilbeshausen Hochwal|29||N/A|1
0119508|Ilbeshausen Hindenburgstraße, Grebenhain|29|000000N|000000E|0000000|Ilbeshausen Hindenb|29||N/A|1
0119511|Sparkasse, Grebenhain|29|000000N|000000E|0000000|Sparkasse, Grebenha|29||N/A|1
0119512|Schule, Grebenhain|29|000000N|000000E|0000000|Schule, Grebenhain|29||N/A|1
0122662|Busbahnhof, Bad Orb|29|000000N|000000E|0000000|Busbahnhof, Bad Orb|29||N/A|1
0122765|Aufenau Bamberger Straße, Wächtersbach|29|000000N|000000E|0000000|Aufenau Bamberger S|29||N/A|1
0122804|Uferweg, Bad Orb|29|000000N|000000E|0000000|Uferweg, Bad Orb|29||N/A|1
0122806|Konzerthalle, Bad Orb|29|000000N|000000E|0000000|Konzerthalle, Bad O|29||N/A|1
0126504|Hesseldorf Post, Wächtersbach|29|000000N|000000E|0000000|Hesseldorf Post, Wä|29||N/A|1
0126508|Busbahnhof, Wächtersbach|29|000000N|000000E|0000000|Busbahnhof, Wächter|29||N/A|1
0126509|Friedrich-August-Genth-Schule, Wächtersbach|29|000000N|000000E|0000000|Friedrich-August-Ge|29||N/A|1
0126510|Rathaus, Wächtersbach|29|000000N|000000E|0000000|Rathaus, Wächtersba|29||N/A|1
0126512|Schlierbacher Straße, Wächtersbach|29|000000N|000000E|0000000|Schlierbacher Straß|29||N/A|1
0126517|Wüstwillenroth Birsteiner Straße, Birstein|29|000000N|000000E|0000000|Wüstwillenroth Birs|29||N/A|1
0126545|Salinenplatz, Bad Orb|29|000000N|000000E|0000000|Salinenplatz, Bad O|29||N/A|1
0126546|Wildpark Waldfrieden, Bad Orb|29|000000N|000000E|0000000|Wildpark Waldfriede|29||N/A|1
0126547|Lettgenbrunn Golfplatz, Jossgrund|29|000000N|000000E|0000000|Lettgenbrunn Golfpl|29||N/A|1
0126548|Lettgenbrunn Villbach, Jossgrund|29|000000N|000000E|0000000|Lettgenbrunn Villba|29||N/A|1
0126550|Wegscheide, Bad Orb|29|000000N|000000E|0000000|Wegscheide, Bad Orb|29||N/A|1
0126588|Aufenau Kindergarten, Wächtersbach|29|000000N|000000E|0000000|Aufenau Kindergarte|29||N/A|1
0126597|Schlierbach Rathaus, Brachttal|29|000000N|000000E|0000000|Schlierbach Rathaus|29||N/A|1
0126598|Neuenschmidten Feldstraße, Brachttal|29|000000N|000000E|0000000|Neuenschmidten Feld|29||N/A|1
0126625|Busbahnhof, Birstein|29|000000N|000000E|0000000|Busbahnhof, Birstei|29||N/A|1
0126650|Fischborn Riedstraße, Birstein|29|000000N|000000E|0000000|Fischborn Riedstraß|29||N/A|1
0126760|Burgjoß Rother Weg, Jossgrund|29|000000N|000000E|0000000|Burgjoß Rother Weg,|29||N/A|1
0126763|Burgjoß Spessartstraße, Jossgrund|29|000000N|000000E|0000000|Burgjoß Spessartstr|29||N/A|1
0126764|Lettgenbrunn Sägewerk, Jossgrund|29|000000N|000000E|0000000|Lettgenbrunn Sägewe|29||N/A|1
0126766|Oberndorf Frankfurter Straße, Jossgrund|29|000000N|000000E|0000000|Oberndorf Frankfurt|29||N/A|1
0126767|Oberndorf Lohrer Straße, Jossgrund|29|000000N|000000E|0000000|Oberndorf Lohrer St|29||N/A|1
0126768|Oberndorf Apotheke, Jossgrund|29|000000N|000000E|0000000|Oberndorf Apotheke,|29||N/A|1
0126770|Pfaffenhausen Jossastraße, Jossgrund|29|000000N|000000E|0000000|Pfaffenhausen Jossa|29||N/A|1
0126771|Pfaffenhausen Lettgenbrunner Straße, Jossgrund|29|000000N|000000E|0000000|Pfaffenhausen Lettg|29||N/A|1
0126777|Oberndorf Jossatalschule, Jossgrund|29|000000N|000000E|0000000|Oberndorf Jossatals|29||N/A|1
0126779|Burgjoß Gewerbegebiet, Jossgrund|29|000000N|000000E|0000000|Burgjoß Gewerbegebi|29||N/A|1
0126801|Sportanlagen/Rehaklinik, Bad Orb|29|000000N|000000E|0000000|Sportanlagen/Rehakl|29||N/A|1
0126809|Toskana-Therme, Bad Orb|29|000000N|000000E|0000000|Toskana-Therme, Bad|29||N/A|1
0126811|Am Wendelinusbrunnen, Bad Orb|29|000000N|000000E|0000000|Am Wendelinusbrunne|29||N/A|1
0126820|Burgring, Bad Orb|29|000000N|000000E|0000000|Burgring, Bad Orb|29||N/A|1
0126821|Würzburger Straße, Bad Orb|29|000000N|000000E|0000000|Würzburger Straße, |29||N/A|1
0126834|Am Langen Acker, Bad Orb|29|000000N|000000E|0000000|Am Langen Acker, Ba|29||N/A|1
0126838|Martinusstraße, Bad Orb|29|000000N|000000E|0000000|Martinusstraße, Bad|29||N/A|1
0126865|Frankfurter Straße, Bad Orb|29|000000N|000000E|0000000|Frankfurter Straße,|29||N/A|1
0126887|Lettgenbrunn Kirche, Jossgrund|29|000000N|000000E|0000000|Lettgenbrunn Kirche|29||N/A|1
0126889|Lettgenbrunn Tankstelle, Jossgrund|29|000000N|000000E|0000000|Lettgenbrunn Tankst|29||N/A|1
0126892|Burgjoß Burgstraße, Jossgrund|29|000000N|000000E|0000000|Burgjoß Burgstraße,|29||N/A|1
0126894|Mernes Ortsmitte, Bad Soden-Salmünster|29|000000N|000000E|0000000|Mernes Ortsmitte, B|29||N/A|1
0126895|Mernes Firma Lingenfelder, Bad Soden-Salmünster|29|000000N|000000E|0000000|Mernes Firma Lingen|29||N/A|1
0126896|Mernes Kirche, Bad Soden-Salmünster|29|000000N|000000E|0000000|Mernes Kirche, Bad |29||N/A|1
0126907|Pfaffenhausen Dorfscheune, Jossgrund|29|000000N|000000E|0000000|Pfaffenhausen Dorfs|29||N/A|1
0127254|Breungeshain Hoherodskopf, Schotten|29|000000N|000000E|0000000|Breungeshain Hohero|29||N/A|1
0127347|Breungeshain Zum Taufstein, Schotten|29|000000N|000000E|0000000|Breungeshain Zum Ta|29||N/A|1
0128124|Frankfurter Straße/Pallottiner, Limburg a.d. Lahn|29|000000N|000000E|0000000|Frankfurter Straße/|29||N/A|1
0128292|Kirmesplatz, Weilburg|29|000000N|000000E|0000000|Kirmesplatz, Weilbu|29||N/A|1
0128320|Odersbach Dorfplatz, Weilburg|29|000000N|000000E|0000000|Odersbach Dorfplatz|29||N/A|1
0128480|Aumenau Lahnstraße, Villmar|29|000000N|000000E|0000000|Aumenau Lahnstraße,|29||N/A|1
0128482|Aumenau Feldstraße, Villmar|29|000000N|000000E|0000000|Aumenau Feldstraße,|29||N/A|1
0128483|Seelbach Talstraße, Villmar|29|000000N|000000E|0000000|Seelbach Talstraße,|29||N/A|1
0360091|Ebertstraße, Karlsruhe|29|000000N|000000E|0000000|Ebertstraße, Karlsr|29||N/A|1
0360107|Hauptbahnhof, Freiburg im Breisgau|29|000000N|000000E|0000000|Hauptbahnhof, Freib|29||N/A|1
0360201|Ecke Bahnhofstraße/Mittlerer Weg, Auggen|29|000000N|000000E|0000000|Ecke Bahnhofstraße/|29||N/A|1
0360208|Lilienthalstraße, Karlsruhe|29|000000N|000000E|0000000|Lilienthalstraße, K|29||N/A|1
0360626|Essenweinstraße, Karlsruhe|29|000000N|000000E|0000000|Essenweinstraße, Ka|29||N/A|1
0360812|Duale Hochschule, Karlsruhe|29|000000N|000000E|0000000|Duale Hochschule, K|29||N/A|1
0360901|Bahnhofsbrücke, Kiel|29|000000N|000000E|0000000|Bahnhofsbrücke, Kie|29||N/A|1
0361104|August-Bebel-Straße, Karlsruhe|29|000000N|000000E|0000000|August-Bebel-Straße|29||N/A|1
0361105|Kurt-Schumacher-Straße, Karlsruhe|29|000000N|000000E|0000000|Kurt-Schumacher-Str|29||N/A|1
0361111|Neureut Bärenweg, Karlsruhe|29|000000N|000000E|0000000|Neureut Bärenweg, K|29||N/A|1
0361308|Lilienthalstraße, Karlsruhe|29|000000N|000000E|0000000|Lilienthalstraße, K|29||N/A|1
0361332|Bad Cannstatt Wilhelmsplatz, Stuttgart|29|000000N|000000E|0000000|Bad Cannstatt Wilhe|29||N/A|1
0361476|Kapuzinerhof, Staufen im Breisgau|29|000000N|000000E|0000000|Kapuzinerhof, Stauf|29||N/A|1
0361500|Mörsch Am Hang, Rheinstetten|29|000000N|000000E|0000000|Mörsch Am Hang, Rhe|29||N/A|1
0361801|Mettingen Bahnhof, Esslingen am Neckar|29|000000N|000000E|0000000|Mettingen Bahnhof, |29||N/A|1
0361844|Bahnhof, Rastatt|29|000000N|000000E|0000000|Bahnhof, Rastatt|29||N/A|1
0361855|Gewerbl. Bildungszentrum (GBZ), Bruchsal|29|000000N|000000E|0000000|Gewerbl. Bildungsze|29||N/A|1
0361906|Dammerstock, Karlsruhe|29|000000N|000000E|0000000|Dammerstock, Karlsr|29||N/A|1
0362006|Kurpfalzbrücke Ost, Mannheim|29|000000N|000000E|0000000|Kurpfalzbrücke Ost,|29||N/A|1
0362106|Knielingen Eggensteiner Straße, Karlsruhe|29|000000N|000000E|0000000|Knielingen Eggenste|29||N/A|1
0362296|Spöck Richard-Hecht-Schule, Stutensee|29|000000N|000000E|0000000|Spöck Richard-Hecht|29||N/A|1
0362332|Bad Cannstatt Wilhelmsplatz, Stuttgart|29|000000N|000000E|0000000|Bad Cannstatt Wilhe|29||N/A|1
0362732|Storzingen Bahnhof, Stetten am kalten Markt|29|000000N|000000E|0000000|Storzingen Bahnhof,|29||N/A|1
0363006|Gottesauer Platz/BGV, Karlsruhe|29|000000N|000000E|0000000|Gottesauer Platz/BG|29||N/A|1
0363148|Schulzentrum Stockbrünnele, Böblingen|29|000000N|000000E|0000000|Schulzentrum Stockb|29||N/A|1
0363244|Achalmstraße, Holzgerlingen|29|000000N|000000E|0000000|Achalmstraße, Holzg|29||N/A|1
0363403|Hirtenweg/Technologiepark, Karlsruhe|29|000000N|000000E|0000000|Hirtenweg/Technolog|29||N/A|1
0364085|Untertürkheim, Stuttgart|29|000000N|000000E|0000000|Untertürkheim, Stut|29||N/A|1
0364231|Hagsfeld Süd, Karlsruhe|29|000000N|000000E|0000000|Hagsfeld Süd, Karls|29||N/A|1
0364374|Ibach Jägerhaus, Oppenau|29|000000N|000000E|0000000|Ibach Jägerhaus, Op|29||N/A|1
0364450|Bad Peterstal Bahnhof, Bad Peterstal-Griesbach|29|000000N|000000E|0000000|Bad Peterstal Bahnh|29||N/A|1
0364766|Hilpertsau Bahnhof, Gernsbach|29|000000N|000000E|0000000|Hilpertsau Bahnhof,|29||N/A|1
0366005|Synagoge, Karlsruhe|29|000000N|000000E|0000000|Synagoge, Karlsruhe|29||N/A|1
0366058|Lameyplatz, Karlsruhe|29|000000N|000000E|0000000|Lameyplatz, Karlsru|29||N/A|1
0366062|Mathystraße, Karlsruhe|29|000000N|000000E|0000000|Mathystraße, Karlsr|29||N/A|1
0366148|Unadingen Abzw. Bahnhof, Löffingen|29|000000N|000000E|0000000|Unadingen Abzw. Bah|29||N/A|1
0366332|Bad Cannstatt Wilhelmsplatz, Stuttgart|29|000000N|000000E|0000000|Bad Cannstatt Wilhe|29||N/A|1
0366901|Eckenerstraße, Karlsruhe|29|000000N|000000E|0000000|Eckenerstraße, Karl|29||N/A|1
0367009|Heidehof, Karlsruhe|29|000000N|000000E|0000000|Heidehof, Karlsruhe|29||N/A|1
0367020|Bahnhof, Oberkirch|29|000000N|000000E|0000000|Bahnhof, Oberkirch|29||N/A|1
0367025|Koehlersiedlung, Oberkirch|29|000000N|000000E|0000000|Koehlersiedlung, Ob|29||N/A|1
0367062|Mathystraße, Karlsruhe|29|000000N|000000E|0000000|Mathystraße, Karlsr|29||N/A|1
0367085|Untertürkheim, Stuttgart|29|000000N|000000E|0000000|Untertürkheim, Stut|29||N/A|1
0367101|Städt. Klinikum/Moltkestraße, Karlsruhe|29|000000N|000000E|0000000|Städt. Klinikum/Mol|29||N/A|1
0367115|Hulb, Böblingen|29|000000N|000000E|0000000|Hulb, Böblingen|29||N/A|1
0368012|Duale Hochschule, Karlsruhe|29|000000N|000000E|0000000|Duale Hochschule, K|29||N/A|1
0369911|Durlach Bahnhof West, Karlsruhe|29|000000N|000000E|0000000|Durlach Bahnhof Wes|29||N/A|1
0370051|Entenfang, Karlsruhe|29|000000N|000000E|0000000|Entenfang, Karlsruh|29||N/A|1
0370085|Untertürkheim, Stuttgart|29|000000N|000000E|0000000|Untertürkheim, Stut|29||N/A|1
0370104|Westerland Nordmarkstraße, Sylt|29|000000N|000000E|0000000|Westerland Nordmark|29||N/A|1
0370106|Knielingen Eggensteiner Straße, Karlsruhe|29|000000N|000000E|0000000|Knielingen Eggenste|29||N/A|1
0370204|Daxlanden Thomas-Mann-Straße, Karlsruhe|29|000000N|000000E|0000000|Daxlanden Thomas-Ma|29||N/A|1
0370231|Hagsfeld Süd, Karlsruhe|29|000000N|000000E|0000000|Hagsfeld Süd, Karls|29||N/A|1
0370281|Friedrichstal Bahnhof/St.-Riquier-Platz, Stutensee|29|000000N|000000E|0000000|Friedrichstal Bahnh|29||N/A|1
0370404|Rintheim Sinsheimer Straße, Karlsruhe|29|000000N|000000E|0000000|Rintheim Sinsheimer|29||N/A|1
0370626|Essenweinstraße, Karlsruhe|29|000000N|000000E|0000000|Essenweinstraße, Ka|29||N/A|1
0371058|Lameyplatz, Karlsruhe|29|000000N|000000E|0000000|Lameyplatz, Karlsru|29||N/A|1
0371085|Untertürkheim, Stuttgart|29|000000N|000000E|0000000|Untertürkheim, Stut|29||N/A|1
0371101|Städt. Klinikum/Moltkestraße, Karlsruhe|29|000000N|000000E|0000000|Städt. Klinikum/Mol|29||N/A|1
0371110|Neureut Welschneureuter Straße, Karlsruhe|29|000000N|000000E|0000000|Neureut Welschneure|29||N/A|1
0372089|Hauptbahnhof Bahnhofsvorplatz, Karlsruhe|29|000000N|000000E|0000000|Hauptbahnhof Bahnho|29||N/A|1
0372103|Bahnhof, Lahr (Schwarzwald)|29|000000N|000000E|0000000|Bahnhof, Lahr (Schw|29||N/A|1
0372296|Spöck Richard-Hecht-Schule, Stutensee|29|000000N|000000E|0000000|Spöck Richard-Hecht|29||N/A|1
0373009|Heidehof, Karlsruhe|29|000000N|000000E|0000000|Heidehof, Karlsruhe|29||N/A|1
0373013|Hagsfeld Reitschulschlag, Karlsruhe|29|000000N|000000E|0000000|Hagsfeld Reitschuls|29||N/A|1
0373723|Basel SBB Bahnhof, Schweiz|29|000000N|000000E|0000000|Basel SBB Bahnhof, |29||N/A|1
0374050|Zusenhofen Bahnhof, Oberkirch|29|000000N|000000E|0000000|Zusenhofen Bahnhof,|29||N/A|1
0376001|Hauptbahnhof ZOB (Steig E), Mannheim|29|000000N|000000E|0000000|Hauptbahnhof ZOB (S|29||N/A|1
0376085|Untertürkheim, Stuttgart|29|000000N|000000E|0000000|Untertürkheim, Stut|29||N/A|1
0377003|Kunstakademie/Hochschule, Karlsruhe|29|000000N|000000E|0000000|Kunstakademie/Hochs|29||N/A|1
0377009|Heidehof, Karlsruhe|29|000000N|000000E|0000000|Heidehof, Karlsruhe|29||N/A|1
0420544|Allee/Moltkestraße, Heilbronn|29|000000N|000000E|0000000|Allee/Moltkestraße,|29||JP|1
0420817|Schwabentorbrücke Süd, Freiburg im Breisgau|29|000000N|000000E|0000000|Schwabentorbrücke S|29||JP|1
0420870|Eisenbahnstraße/Bahnhof, Rottweil|29|000000N|000000E|0000000|Eisenbahnstraße/Bah|29||JP|1
0420967|Hauptbahnhof ZOB, Freiburg im Breisgau|29|000000N|000000E|0000000|Hauptbahnhof ZOB, F|29||JP|1
0420977|Neustadt Bahnhof, Titisee-Neustadt|29|000000N|000000E|0000000|Neustadt Bahnhof, T|29||JP|1
0420978|Neustadt Bahnhof, Titisee-Neustadt|29|000000N|000000E|0000000|Neustadt Bahnhof, T|29||JP|1
0421051|Stadtmitte, Gundelsheim (Württ)|29|000000N|000000E|0000000|Stadtmitte, Gundels|29||JP|1
0421213|Bahnhof (Industriegebiet), Malsch (Kreis Karlsruhe|29|000000N|000000E|0000000|Bahnhof (Industrieg|29||JP|1
0421420|Waldshut Robert-Gerwig-Straße, Waldshut-Tiengen|29|000000N|000000E|0000000|Waldshut Robert-Ger|29||JP|1
0421481|Beethovenstraße, Giengen an der Brenz|29|000000N|000000E|0000000|Beethovenstraße, Gi|29||JP|1
0422027|Konrad-Zuse-Straße/Bahnhof, Böblingen|29|000000N|000000E|0000000|Konrad-Zuse-Straße/|29||JP|1
0422070|Bahnhof/Musikschule, Emmendingen|29|000000N|000000E|0000000|Bahnhof/Musikschule|29||JP|1
0422410|Hauptbahnhof ZOB, Freiburg im Breisgau|29|000000N|000000E|0000000|Hauptbahnhof ZOB, F|29||JP|1
0423368|Jahnstraße, Weil im Schönbuch|29|000000N|000000E|0000000|Jahnstraße, Weil im|29||JP|1
0442022|Colmantstr./Hauptbahnhof, Bonn|29|000000N|000000E|0000000|Colmantstr./Hauptba|29||N/A|1
0490143|Festhalle, Leutkirch im Allgäu|29|000000N|000000E|0000000|Festhalle, Leutkirc|29||N/A|1
0490179|Marstetten Bahnhof, Aitrach|29|000000N|000000E|0000000|Marstetten Bahnhof,|29||N/A|1
0490207|Schulzentrum, Leutkirch im Allgäu|29|000000N|000000E|0000000|Schulzentrum, Leutk|29||N/A|1
0490355|Ebingen Bahnhof, Albstadt|29|000000N|000000E|0000000|Ebingen Bahnhof, Al|29||N/A|1
0490536|Böttcher, Straßberg (Hohenz)|29|000000N|000000E|0000000|Böttcher, Straßberg|29||N/A|1
0490953|Albrechtstraße, Friedrichshafen|29|000000N|000000E|0000000|Albrechtstraße, Fri|29||N/A|1
0490968|Barbarossastraße, Friedrichshafen|29|000000N|000000E|0000000|Barbarossastraße, F|29||N/A|1
0491017|Kluftern Bahnhofstraße, Friedrichshafen|29|000000N|000000E|0000000|Kluftern Bahnhofstr|29||N/A|1
0491025|Bahnhofstraße, Markdorf|29|000000N|000000E|0000000|Bahnhofstraße, Mark|29||N/A|1
0491026|Rathaus, Markdorf|29|000000N|000000E|0000000|Rathaus, Markdorf|29||N/A|1
0491174|Manzell Bahnhof, Friedrichshafen|29|000000N|000000E|0000000|Manzell Bahnhof, Fr|29||N/A|1
0491177|Fischbach Hotel Maier, Friedrichshafen|29|000000N|000000E|0000000|Fischbach Hotel Mai|29||N/A|1
0491378|Hedingen, Sigmaringen|29|000000N|000000E|0000000|Hedingen, Sigmaring|29||N/A|1
0491678|Obertorplatz West, Hechingen|29|000000N|000000E|0000000|Obertorplatz West, |29||N/A|1
0491926|Erms Mitte/Bahnhof, Dettingen an der Erms|29|000000N|000000E|0000000|Erms Mitte/Bahnhof,|29||N/A|1
0492027|Heinrich-Hammer-Straße, Erbach (Donau)|29|000000N|000000E|0000000|Heinrich-Hammer-Str|29||N/A|1
0492143|ZOB West, Ulm|29|000000N|000000E|0000000|ZOB West, Ulm|29||N/A|1
0492152|Kiebingen Löwen, Rottenburg am Neckar|29|000000N|000000E|0000000|Kiebingen Löwen, Ro|29||N/A|1
0492579|Thalfingen Unterführung, Elchingen|29|000000N|000000E|0000000|Thalfingen Unterfüh|29||N/A|1
0492605|Bahnhof, Rammingen (Württ)|29|000000N|000000E|0000000|Bahnhof, Rammingen |29||N/A|1
0492612|Linde, Niederstotzingen|29|000000N|000000E|0000000|Linde, Niederstotzi|29||N/A|1
0492620|Bergenweiler Rathaus, Sontheim an der Brenz|29|000000N|000000E|0000000|Bergenweiler Rathau|29||N/A|1
0492904|Oberzell Bachbrücke, Ravensburg|29|000000N|000000E|0000000|Oberzell Bachbrücke|29||N/A|1
0492980|Weißenau Bahnübergang, Ravensburg|29|000000N|000000E|0000000|Weißenau Bahnüberga|29||N/A|1
0493017|BOB-Bahnhof, Weingarten (Württ)|29|000000N|000000E|0000000|BOB-Bahnhof, Weinga|29||N/A|1
0493515|Jugendherberge, Friedrichshafen|29|000000N|000000E|0000000|Jugendherberge, Fri|29||N/A|1
0493645|Niederbiegen Bahnhof, Baienfurt|29|000000N|000000E|0000000|Niederbiegen Bahnho|29||N/A|1
0493692|Franziskusplatz, Friedrichshafen|29|000000N|000000E|0000000|Franziskusplatz, Fr|29||N/A|1
0493699|Landratsamt, Friedrichshafen|29|000000N|000000E|0000000|Landratsamt, Friedr|29||N/A|1
0493808|Kehlen Schule, Meckenbeuren|29|000000N|000000E|0000000|Kehlen Schule, Meck|29||N/A|1
0496506|Kaiserstuhleck, Eichstetten am Kaiserstuhl|29|000000N|000000E|0000000|Kaiserstuhleck, Eic|29||N/A|1
0496509|Winzergenossenschaft, Sasbach am Kaiserstuhl|29|000000N|000000E|0000000|Winzergenossenschaf|29||N/A|1
0496510|Wyhler Straße, Sasbach am Kaiserstuhl|29|000000N|000000E|0000000|Wyhler Straße, Sasb|29||N/A|1
0496511|Breite, Riegel am Kaiserstuhl|29|000000N|000000E|0000000|Breite, Riegel am K|29||N/A|1
0496516|Königschaffhauser Straße, Endingen am Kaiserstuhl|29|000000N|000000E|0000000|Königschaffhauser S|29||N/A|1
0496517|Forchheimer Straße, Endingen am Kaiserstuhl|29|000000N|000000E|0000000|Forchheimer Straße,|29||N/A|1
0496533|Jechtingen Bahnhof, Sasbach am Kaiserstuhl|29|000000N|000000E|0000000|Jechtingen Bahnhof,|29||N/A|1
0496535|Burkheim-Bischoffingen Bahnhof, Vogtsburg im Kaise|29|000000N|000000E|0000000|Burkheim-Bischoffin|29||N/A|1
0496539|Kenzinger Straße, Endingen am Kaiserstuhl|29|000000N|000000E|0000000|Kenzinger Straße, E|29||N/A|1
0496558|Bahnhof, Bahlingen am Kaiserstuhl|29|000000N|000000E|0000000|Bahnhof, Bahlingen |29||N/A|1
0496560|Jugendhilfezentrum St. Anton, Riegel am Kaiserstuh|29|000000N|000000E|0000000|Jugendhilfezentrum |29||N/A|1
0496561|Riegel am Kaiserstuhl Ort|29|000000N|000000E|0000000|Riegel am Kaiserstu|29||N/A|1
0496568|Königschaffhausen Zehntgasse, Endingen am Kaiserst|29|000000N|000000E|0000000|Königschaffhausen Z|29||N/A|1
0496602|Hauptstraße, Bahlingen am Kaiserstuhl|29|000000N|000000E|0000000|Hauptstraße, Bahlin|29||N/A|1
0496603|Zehntscheuer, Eichstetten am Kaiserstuhl|29|000000N|000000E|0000000|Zehntscheuer, Eichs|29||N/A|1
0496614|Jechtingen Bahnhof/Rosenstraße, Sasbach am Kaisers|29|000000N|000000E|0000000|Jechtingen Bahnhof/|29||N/A|1
0496644|Üsenberger-/Niederdorfstraße, Endingen am Kaiserst|29|000000N|000000E|0000000|Üsenberger-/Niederd|29||N/A|1
0496655|Krichelnweg, Staufen im Breisgau|29|000000N|000000E|0000000|Krichelnweg, Staufe|29||N/A|1
0496661|Staufen im Breisgau Süd/Gymnasium|29|000000N|000000E|0000000|Staufen im Breisgau|29||N/A|1
0498121|Endinger Straße, Wyhl am Kaiserstuhl|29|000000N|000000E|0000000|Endinger Straße, Wy|29||N/A|1
0498122|AWO, Teningen|29|000000N|000000E|0000000|AWO, Teningen|29||N/A|1
0498127|Ernst-Leitz-Schule, Sulzburg|29|000000N|000000E|0000000|Ernst-Leitz-Schule,|29||N/A|1
0498131|Lindenplatz, Heitersheim|29|000000N|000000E|0000000|Lindenplatz, Heiter|29||N/A|1
0498372|Badischer Winzerkeller, Breisach am Rhein|29|000000N|000000E|0000000|Badischer Winzerkel|29||N/A|1
0498647|Volkwinhalde, Sigmaringen|29|000000N|000000E|0000000|Volkwinhalde, Sigma|29||N/A|1
0499460|Eisenbahnstraße, Schliengen|29|000000N|000000E|0000000|Eisenbahnstraße, Sc|29||N/A|1
0499483|Haltingen Zentrum, Weil am Rhein|29|000000N|000000E|0000000|Haltingen Zentrum, |29||N/A|1
0499544|Istein Neue Straße, Efringen-Kirchen|29|000000N|000000E|0000000|Istein Neue Straße,|29||N/A|1
0499545|Istein Rathaus, Efringen-Kirchen|29|000000N|000000E|0000000|Istein Rathaus, Efr|29||N/A|1
0499546|Kleinkems Rheinstraße, Efringen-Kirchen|29|000000N|000000E|0000000|Kleinkems Rheinstra|29||N/A|1
0499548|Rheinweiler Ort, Bad Bellingen|29|000000N|000000E|0000000|Rheinweiler Ort, Ba|29||N/A|1
0499551|Markushof, Bad Bellingen|29|000000N|000000E|0000000|Markushof, Bad Bell|29||N/A|1
0499577|Jechtingen Ortschaftsamt, Sasbach am Kaiserstuhl|29|000000N|000000E|0000000|Jechtingen Ortschaf|29||N/A|1
0499578|Burkheim Kreuz-Post, Vogtsburg im Kaiserstuhl|29|000000N|000000E|0000000|Burkheim Kreuz-Post|29||N/A|1
0499616|Hekatron, Sulzburg|29|000000N|000000E|0000000|Hekatron, Sulzburg|29||N/A|1
0499618|Königschaffhausen Bahnhof/Endinger Straße, Endinge|29|000000N|000000E|0000000|Königschaffhausen B|29||N/A|1
0499619|Königschaffhausen Weiherweg, Endingen am Kaiserstu|29|000000N|000000E|0000000|Königschaffhausen W|29||N/A|1
0499621|Post, Teningen|29|000000N|000000E|0000000|Post, Teningen|29||N/A|1
0499622|Teninger Straße, Bahlingen am Kaiserstuhl|29|000000N|000000E|0000000|Teninger Straße, Ba|29||N/A|1
0499624|Wyhler Straße, Forchheim (Breisgau)|29|000000N|000000E|0000000|Wyhler Straße, Forc|29||N/A|1
0499627|Bahnhof, Sasbach am Kaiserstuhl|29|000000N|000000E|0000000|Bahnhof, Sasbach am|29||N/A|1
0499629|Leiselheim Am Mittelweg, Sasbach am Kaiserstuhl|29|000000N|000000E|0000000|Leiselheim Am Mitte|29||N/A|1
0499646|Etzenbach Bahnhof, Staufen im Breisgau|29|000000N|000000E|0000000|Etzenbach Bahnhof, |29||N/A|1
0499648|Friedensplatz, Bahlingen am Kaiserstuhl|29|000000N|000000E|0000000|Friedensplatz, Bahl|29||N/A|1
0499649|Dietzelbach, Münstertal (Schwarzwald)|29|000000N|000000E|0000000|Dietzelbach, Münste|29||N/A|1
0499650|Hof (Baden), Münstertal (Schwarzwald)|29|000000N|000000E|0000000|Hof (Baden), Münste|29||N/A|1
0499652|Staufener Straße, Bad Krozingen|29|000000N|000000E|0000000|Staufener Straße, B|29||N/A|1
0499653|Königschaffhausen Bahnhof, Endingen am Kaiserstuhl|29|000000N|000000E|0000000|Königschaffhausen B|29||N/A|1
0500001|Hauptbahnhof ZOB, Freiburg im Breisgau|29|000000N|000000E|0000000|Hauptbahnhof ZOB, F|29||BA|1
0500076|Amtsgericht, Emmendingen|29|000000N|000000E|0000000|Amtsgericht, Emmend|29||BA|1
0500077|Mundingen B3, Emmendingen|29|000000N|000000E|0000000|Mundingen B3, Emmen|29||BA|1
0500087|Berufsschule, Emmendingen|29|000000N|000000E|0000000|Berufsschule, Emmen|29||BA|1
0500168|Bahnhof Himmelreich(Westseite), Buchenbach|29|000000N|000000E|0000000|Bahnhof Himmelreich|29||BA|1
0500187|Norsingen Rathaus, Ehrenkirchen|29|000000N|000000E|0000000|Norsingen Rathaus, |29||BA|1
0500230|Wolfenweiler B3, Schallstadt|29|000000N|000000E|0000000|Wolfenweiler B3, Sc|29||BA|1
0500353|Anton-Danner-Park, Bad Krozingen|29|000000N|000000E|0000000|Anton-Danner-Park, |29||BA|1
0500508|Malteserschloss, Heitersheim|29|000000N|000000E|0000000|Malteserschloss, He|29||BA|1
0500509|Kath. Kirche, Heitersheim|29|000000N|000000E|0000000|Kath. Kirche, Heite|29||BA|1
0500510|Poststraße, Heitersheim|29|000000N|000000E|0000000|Poststraße, Heiters|29||BA|1
0500511|Ochsenplatz, Heitersheim|29|000000N|000000E|0000000|Ochsenplatz, Heiter|29||BA|1
0500513|Danziger Straße, Buggingen|29|000000N|000000E|0000000|Danziger Straße, Bu|29||BA|1
0500556|Burg-Birkenhof Burger Platz, Kirchzarten|29|000000N|000000E|0000000|Burg-Birkenhof Burg|29||BA|1
0500562|Marktplatz, Emmendingen|29|000000N|000000E|0000000|Marktplatz, Emmendi|29||BA|1
0500616|An der Steige, Emmendingen|29|000000N|000000E|0000000|An der Steige, Emme|29||BA|1
0500640|Bonnevilleplatz, Staufen im Breisgau|29|000000N|000000E|0000000|Bonnevilleplatz, St|29||BA|1
0500641|Gaisgraben, Staufen im Breisgau|29|000000N|000000E|0000000|Gaisgraben, Staufen|29||BA|1
0500654|Kapelle/Endinger Straße, Wyhl am Kaiserstuhl|29|000000N|000000E|0000000|Kapelle/Endinger St|29||BA|1
0500666|Oberdottingen, Ballrechten-Dottingen|29|000000N|000000E|0000000|Oberdottingen, Ball|29||BA|1
0500684|Bottingen/WG Platz, Teningen|29|000000N|000000E|0000000|Bottingen/WG Platz,|29||BA|1
0500685|Nimburg Krone, Teningen|29|000000N|000000E|0000000|Nimburg Krone, Teni|29||BA|1
0500686|Rohrlache, Teningen|29|000000N|000000E|0000000|Rohrlache, Teningen|29||BA|1
0500690|Neudorfstraße, Teningen|29|000000N|000000E|0000000|Neudorfstraße, Teni|29||BA|1
0500692|Nimburg Rathaus, Teningen|29|000000N|000000E|0000000|Nimburg Rathaus, Te|29||BA|1
0500693|Jahnhalle, Teningen|29|000000N|000000E|0000000|Jahnhalle, Teningen|29||BA|1
0500694|Hans-Sachs-Straße, Teningen|29|000000N|000000E|0000000|Hans-Sachs-Straße, |29||BA|1
0500701|Nimburg Waidplatz, Teningen|29|000000N|000000E|0000000|Nimburg Waidplatz, |29||BA|1
0500890|Trossingen Bahnhof, Deißlingen|29|000000N|000000E|0000000|Trossingen Bahnhof,|29||BA|1
0501194|Deißlingen Mitte|29|000000N|000000E|0000000|Deißlingen Mitte|29||BA|1
0501680|Bietingen Hohackerstr., Gottmadingen|29|000000N|000000E|0000000|Bietingen Hohackers|29||BA|1
0502072|Basel Badischer Bahnhof, Schweiz|29|000000N|000000E|0000000|Basel Badischer Bah|29||BA|1
0502128|Titisee Kurhaus, Titisee-Neustadt|29|000000N|000000E|0000000|Titisee Kurhaus, Ti|29||BA|1
0502129|Titisee Feuerwehrheim/Jugendherberge, Hinterzarten|29|000000N|000000E|0000000|Titisee Feuerwehrhe|29||BA|1
0502130|Hinterzarten Löffelschmiede, Feldberg (Schwarzwald|29|000000N|000000E|0000000|Hinterzarten Löffel|29||BA|1
0502132|Bärental Bären, Feldberg (Schwarzwald)|29|000000N|000000E|0000000|Bärental Bären, Fel|29||BA|1
0502268|Titisee Abzw. Bühlhofweg, Hinterzarten|29|000000N|000000E|0000000|Titisee Abzw. Bühlh|29||BA|1
0502343|Titisee Freibad, Titisee-Neustadt|29|000000N|000000E|0000000|Titisee Freibad, Ti|29||BA|1
0502344|Heizmannshof, Hinterzarten|29|000000N|000000E|0000000|Heizmannshof, Hinte|29||BA|1
0502484|Schaffhausen (CH) Bahnhof, Schweiz|29|000000N|000000E|0000000|Schaffhausen (CH) B|29||BA|1
0502488|Thayngen Bahnhof (Bus), Schweiz|29|000000N|000000E|0000000|Thayngen Bahnhof (B|29||BA|1
0502546|Tiengen Parkplatz, Waldshut-Tiengen|29|000000N|000000E|0000000|Tiengen Parkplatz, |29||BA|1
0502942|Seebrugg Straßenkreuzung, Schluchsee|29|000000N|000000E|0000000|Seebrugg Straßenkre|29||BA|1
0503146|Neustadt Bahnhof, Titisee-Neustadt|29|000000N|000000E|0000000|Neustadt Bahnhof, T|29||BA|1
0503147|Altglashütten Bahnhof, Feldberg (Schwarzwald)|29|000000N|000000E|0000000|Altglashütten Bahnh|29||BA|1
0503149|Bachheim Gh Hirschen, Löffingen|29|000000N|000000E|0000000|Bachheim Gh Hirsche|29||BA|1
0503155|Döggingen Freiburger Straße, Bräunlingen|29|000000N|000000E|0000000|Döggingen Freiburge|29||BA|1
0503171|Altglashütten Abzw. Neuglashütten, Feldberg (Schwa|29|000000N|000000E|0000000|Altglashütten Abzw.|29||BA|1
0503173|Neustadt Bären, Titisee-Neustadt|29|000000N|000000E|0000000|Neustadt Bären, Tit|29||BA|1
0503180|Rötenbach Kindergarten, Friedenweiler|29|000000N|000000E|0000000|Rötenbach Kindergar|29||BA|1
0503223|Aha Gh Auerhahn, Schluchsee|29|000000N|000000E|0000000|Aha Gh Auerhahn, Sc|29||BA|1
0503224|Altglashütten Windgfällweiher, Lenzkirch|29|000000N|000000E|0000000|Altglashütten Windg|29||BA|1
0503239|Unadingen Angel, Löffingen|29|000000N|000000E|0000000|Unadingen Angel, Lö|29||BA|1
0503286|Altglashütten Feldberghalle, Feldberg (Schwarzwald|29|000000N|000000E|0000000|Altglashütten Feldb|29||BA|1
0503287|Rathaus, Schluchsee|29|000000N|000000E|0000000|Rathaus, Schluchsee|29||BA|1
0503298|Altglashütten Sparkasse, Feldberg (Schwarzwald)|29|000000N|000000E|0000000|Altglashütten Spark|29||BA|1
0503302|Neustadt Wirtschaftsschule, Titisee-Neustadt|29|000000N|000000E|0000000|Neustadt Wirtschaft|29||BA|1
0503468|Bahnhof, Staufen im Breisgau|29|000000N|000000E|0000000|Bahnhof, Staufen im|29||BA|1
0503534|Achkarren WG, Vogtsburg im Kaiserstuhl|29|000000N|000000E|0000000|Achkarren WG, Vogts|29||BA|1
0503540|Achkarren Bahnhof, Vogtsburg im Kaiserstuhl|29|000000N|000000E|0000000|Achkarren Bahnhof, |29||BA|1
0503550|Nimburg Bahnhof, Teningen|29|000000N|000000E|0000000|Nimburg Bahnhof, Te|29||BA|1
0503560|Oberrotweil Bahnhof, Vogtsburg im Kaiserstuhl|29|000000N|000000E|0000000|Oberrotweil Bahnhof|29||BA|1
0503631|Bischoffingen Amthofplatz, Vogtsburg im Kaiserstuh|29|000000N|000000E|0000000|Bischoffingen Amtho|29||BA|1
0503633|Niederrotweil Kirche, Vogtsburg im Kaiserstuhl|29|000000N|000000E|0000000|Niederrotweil Kirch|29||BA|1
0503634|Oberrotweil Post, Vogtsburg im Kaiserstuhl|29|000000N|000000E|0000000|Oberrotweil Post, V|29||BA|1
0503648|Dottingen Rathaus, Ballrechten-Dottingen|29|000000N|000000E|0000000|Dottingen Rathaus, |29||BA|1
0503649|Ballrechten WG, Ballrechten-Dottingen|29|000000N|000000E|0000000|Ballrechten WG, Bal|29||BA|1
0503650|Bahnhof, Sulzburg|29|000000N|000000E|0000000|Bahnhof, Sulzburg|29||BA|1
0503689|Mithras Tempel, Riegel am Kaiserstuhl|29|000000N|000000E|0000000|Mithras Tempel, Rie|29||BA|1
0503690|Rathaus, Riegel am Kaiserstuhl|29|000000N|000000E|0000000|Rathaus, Riegel am |29||BA|1
0503729|Dottingen Winzerstube, Ballrechten-Dottingen|29|000000N|000000E|0000000|Dottingen Winzerstu|29||BA|1
0503730|Marktplatz, Sulzburg|29|000000N|000000E|0000000|Marktplatz, Sulzbur|29||BA|1
0503762|Himmelreich Brücke, Buchenbach|29|000000N|000000E|0000000|Himmelreich Brücke,|29||BA|1
0503815|Grunern Gasth. Bahnhof, Staufen im Breisgau|29|000000N|000000E|0000000|Grunern Gasth. Bahn|29||BA|1
0503852|Tiengen Marktplatz, Waldshut-Tiengen|29|000000N|000000E|0000000|Tiengen Marktplatz,|29||BA|1
0503871|Wettelbrunn Milchhäusle, Staufen im Breisgau|29|000000N|000000E|0000000|Wettelbrunn Milchhä|29||BA|1
0503872|Wettelbrunn Oberfeld, Staufen im Breisgau|29|000000N|000000E|0000000|Wettelbrunn Oberfel|29||BA|1
0100008|Hauptbahnhof/Münchener Straße, Frankfurt a.M.|29|000000N|000000E|0000000|Hauptbahnhof/Münche|29||FI|1
0100278|Limburg a.d. Lahn Süd (ICE-Bahnhof)|29|000000N|000000E|0000000|Limburg a.d. Lahn S|29||FI|1
0100343|Lindenholzhausen Rübsanger-/Lindenstraße, Limburg|29|000000N|000000E|0000000|Lindenholzhausen Rü|29||FI|1
0100987|Lahnstraße, Bad Camberg|29|000000N|000000E|0000000|Lahnstraße, Bad Cam|29||FI|1
0100993|Erbach Auf der Staffel, Bad Camberg|29|000000N|000000E|0000000|Erbach Auf der Staf|29||FI|1
0102885|Aumenau Ortsmitte, Villmar|29|000000N|000000E|0000000|Aumenau Ortsmitte, |29||FI|1
0102972|Hauptbahnhof/Karlstraße, Frankfurt a.M.|29|000000N|000000E|0000000|Hauptbahnhof/Karlst|29||FI|1
0103023|Burgjoß Am Rathaus, Jossgrund|29|000000N|000000E|0000000|Burgjoß Am Rathaus,|29||FI|1
0103100|Am Orbtal, Bad Orb|29|000000N|000000E|0000000|Am Orbtal, Bad Orb|29||FI|1
0103253|Falkenbach Falkenhof, Villmar|29|000000N|000000E|0000000|Falkenbach Falkenho|29||FI|1
0103267|Aufenau Festplatz, Wächtersbach|29|000000N|000000E|0000000|Aufenau Festplatz, |29||FI|1
0103495|Arfurt Bürgerhaus, Runkel|29|000000N|000000E|0000000|Arfurt Bürgerhaus, |29||FI|1
0103637|Lindenholzhausen Wendeli.-/Kirchstr., Limburg a.d.|29|000000N|000000E|0000000|Lindenholzhausen We|29||FI|1
0103871|Brüsseler-/Kopenhagener Str., Limburg a.d. Lahn|29|000000N|000000E|0000000|Brüsseler-/Kopenhag|29||FI|1
0103874|Oberbrechen Bahnhof/B8, Brechen|29|000000N|000000E|0000000|Oberbrechen Bahnhof|29||FI|1
0103969|Lindenplatz, Wächtersbach|29|000000N|000000E|0000000|Lindenplatz, Wächte|29||FI|1
0104066|Hauptbahnhof Nord, Kassel|29|000000N|000000E|0000000|Hauptbahnhof Nord, |29||FI|1
0104406|Wirbelau Haupt-/Birkenstraße, Runkel|29|000000N|000000E|0000000|Wirbelau Haupt-/Bir|29||FI|1
0111115|Aumenau Bahnhof, Villmar|29|000000N|000000E|0000000|Aumenau Bahnhof, Vi|29||N/A|1
0111126|Niederbrechen Bahnhof, Brechen|29|000000N|000000E|0000000|Niederbrechen Bahnh|29||N/A|1
0116319|ZOB, Weilburg|29|000000N|000000E|0000000|ZOB, Weilburg|29||N/A|1
0116377|Erbach Mauritiusstraße, Bad Camberg|29|000000N|000000E|0000000|Erbach Mauritiusstr|29||N/A|1
0116385|Eschhöfer Weg, Limburg a.d. Lahn|29|000000N|000000E|0000000|Eschhöfer Weg, Limb|29||N/A|1
0116386|Eschhofen Friedhof, Limburg a.d. Lahn|29|000000N|000000E|0000000|Eschhofen Friedhof,|29||N/A|1
0116387|Eschhofen Kirche, Limburg a.d. Lahn|29|000000N|000000E|0000000|Eschhofen Kirche, L|29||N/A|1
0116388|Eschhofen Bahnhofstraße, Limburg a.d. Lahn|29|000000N|000000E|0000000|Eschhofen Bahnhofst|29||N/A|1
0116389|Lindenholzhausen Ortsmitte, Limburg a.d. Lahn|29|000000N|000000E|0000000|Lindenholzhausen Or|29||N/A|1
0116390|Werschau Ortsmitte, Brechen|29|000000N|000000E|0000000|Werschau Ortsmitte,|29||N/A|1
0116392|Niederbrechen Ortsmitte, Brechen|29|000000N|000000E|0000000|Niederbrechen Ortsm|29||N/A|1
0116398|Erbach Limburger Straße, Bad Camberg|29|000000N|000000E|0000000|Erbach Limburger St|29||N/A|1
